FIPS,Admin2,Province_State,Country_Region,Last_Update,Lat,Long_,Confirmed,Deaths,Recovered,Active,Combined_Key
82601,82601,Abruzzo,Italy,26/05/2020 02:32,42.35122196,13.39843823,3227,400,1781,1046,Abruzzo
82601,82601,Acre,Brazil,26/05/2020 02:32,-9.0238,-70.812,4501,97,0,4404,Acre
82601,82601,Aguascalientes,Mexico,26/05/2020 02:32,21.8853,-102.2916,649,26,464,159,Aguascalientes
82601,82601,Alagoas,Brazil,26/05/2020 02:32,-9.5713,-36.782,6682,337,0,6345,Alagoas
82601,82601,Alberta,Canada,26/05/2020 02:32,53.9333,-116.5765,6879,138,5979,762,Alberta
82601,82601,Amapa,Brazil,26/05/2020 02:32,0.902,-52.003,6584,168,0,6416,Amapa
82601,82601,Amazonas,Brazil,26/05/2020 02:32,-3.4168,-65.8561,30282,1781,0,28501,Amazonas
82601,82601,Andalusia,Spain,26/05/2020 02:32,37.5443,-4.7278,12450,1334,0,11116,Andalusia
82601,82601,Anguilla,United Kingdom,26/05/2020 02:32,18.2206,-63.0686,3,0,3,0,Anguilla
82601,82601,Anhui,China,26/05/2020 02:32,31.8257,117.2264,991,6,985,0,Anhui
82601,82601,Antofagasta,Chile,26/05/2020 02:32,-23.6509,-70.3975,2015,21,0,1994,Antofagasta
82601,82601,Aragon,Spain,26/05/2020 02:32,41.5976,-0.9057,5600,826,0,4774,Aragon
82601,82601,Araucania,Chile,26/05/2020 02:32,-38.9489,-72.3311,1857,45,0,1812,Araucania
82601,82601,Arica y Parinacota,Chile,26/05/2020 02:32,-18.594,-69.4785,513,7,0,506,Arica y Parinacota
82601,82601,Aruba,Netherlands,26/05/2020 02:32,12.5211,-69.9683,101,3,95,3,Aruba
82601,82601,Asturias,Spain,26/05/2020 02:32,43.3614,-5.8593,2380,288,0,2092,Asturias
82601,82601,Atacama,Chile,26/05/2020 02:32,-23.8634,-69.1328,185,0,0,185,Atacama
82601,82601,Australian Capital Territory,Australia,26/05/2020 02:32,-35.4735,149.0124,107,3,104,0,Australian Capital Territory
82601,82601,Aysen,Chile,26/05/2020 02:32,-45.9864,-73.7669,10,0,0,10,Aysen
82601,82601,Baden-Wurttemberg,Germany,26/05/2020 02:32,48.6616,9.3501,34431,1698,31300,1428,Baden-Wurttemberg
82601,82601,Bahia,Brazil,26/05/2020 02:32,-12.5797,-41.7007,14205,477,0,13727,Bahia
82601,82601,Baja California,Mexico,26/05/2020 02:32,30.8406,-115.2838,4250,705,2992,553,Baja California
82601,82601,Baja California Sur,Mexico,26/05/2020 02:32,26.0444,-111.6661,541,32,430,79,Baja California Sur
82601,82601,Baleares,Spain,26/05/2020 02:32,39.710358,2.995148,2035,211,0,1824,Baleares
82601,82601,Basilicata,Italy,26/05/2020 02:32,40.63947052,15.80514834,399,27,336,36,Basilicata
82601,82601,Bayern,Germany,26/05/2020 02:32,48.7904,11.4979,46326,2382,41850,2390,Bayern
82601,82601,Beijing,China,26/05/2020 02:32,40.1824,116.4142,593,9,581,3,Beijing
82601,82601,Berlin,Germany,26/05/2020 02:32,52.52,13.405,6642,191,6086,374,Berlin
82601,82601,Bermuda,United Kingdom,26/05/2020 02:32,32.3078,-64.7505,133,9,89,35,Bermuda
82601,82601,Biobio,Chile,26/05/2020 02:32,-37.4464,-72.1416,1458,10,0,1448,Biobio
82601,82601,Bonaire, Sint Eustatius and Saba,Netherlands,26/05/2020 02:32,12.1784,-68.2385,6,0,6,0
82601,82601,Brandenburg,Germany,26/05/2020 02:32,52.4125,12.5316,3214,154,3000,70,Brandenburg
82601,82601,Bremen,Germany,26/05/2020 02:32,53.0793,8.8017,1312,41,1100,172,Bremen
82601,82601,British Columbia,Canada,26/05/2020 02:32,53.7267,-127.6476,2530,161,2102,267,British Columbia
82601,82601,British Virgin Islands,United Kingdom,26/05/2020 02:32,18.4207,-64.64,8,1,6,1,British Virgin Islands
82601,82601,C. Valenciana,Spain,26/05/2020 02:32,39.484,-0.7533,11056,1331,0,9725,C. Valenciana
82601,82601,Calabria,Italy,26/05/2020 02:32,38.90597598,16.59440194,1157,96,797,264,Calabria
82601,82601,Campania,Italy,26/05/2020 02:32,40.83956555,14.25084984,4755,405,3137,1213,Campania
82601,82601,Campeche,Mexico,26/05/2020 02:32,19.8301,-90.5349,443,57,284,102,Campeche
82601,82601,Canarias,Spain,26/05/2020 02:32,28.2916,-16.6291,2317,150,0,2167,Canarias
82601,82601,Cantabria,Spain,26/05/2020 02:32,43.1828,-3.9878,2283,202,0,2081,Cantabria
82601,82601,Castilla - La Mancha,Spain,26/05/2020 02:32,39.2796,-3.0977,16909,2788,0,14121,Castilla - La Mancha
82601,82601,Castilla y Leon,Spain,26/05/2020 02:32,41.8357,-4.3976,18555,1913,0,16642,Castilla y Leon
82601,82601,Catalonia,Spain,26/05/2020 02:32,41.5912,1.5209,57320,5575,0,51745,Catalonia
82601,82601,Cayman Islands,United Kingdom,26/05/2020 02:32,19.3133,-81.2546,134,1,61,72,Cayman Islands
82601,82601,Ceara,Brazil,26/05/2020 02:32,-5.4984,-39.3206,36185,2493,0,33692,Ceara
82601,82601,Ceuta,Spain,26/05/2020 02:32,35.8894,-5.3213,124,4,0,120,Ceuta
82601,82601,Channel Islands,United Kingdom,26/05/2020 02:32,49.3723,-2.3644,0,0,517,0,Channel Islands
82601,82601,Chiapas,Mexico,26/05/2020 02:32,16.7569,-93.1292,1224,72,659,493,Chiapas
82601,82601,Chihuahua,Mexico,26/05/2020 02:32,28.63300000000001,-106.0691,1193,255,843,95,Chihuahua
82601,82601,Chongqing,China,26/05/2020 02:32,30.0572,107.874,579,6,573,0,Chongqing
82601,82601,Ciudad de Mexico,Mexico,26/05/2020 02:32,19.4326,-99.1332,20235,2024,14557,3654,Ciudad de Mexico
82601,82601,Coahuila,Mexico,26/05/2020 02:32,27.0587,-101.7068,876,68,656,152,Coahuila
82601,82601,Colima,Mexico,26/05/2020 02:32,19.1223,-104.0072,115,18,52,45,Colima
82601,82601,Coquimbo,Chile,26/05/2020 02:32,-29.959,-71.3389,338,2,0,336,Coquimbo
82601,82601,Curacao,Netherlands,26/05/2020 02:32,12.1696,-68.99,18,1,14,3,Curacao
82601,82601,Diamond Princess,Canada,26/05/2020 02:32,,,1,1,0,0,Diamond Princess
82601,82601,Distrito Federal,Brazil,26/05/2020 02:32,-15.7998,-47.8645,6930,114,0,6816,Distrito Federal
82601,82601,Durango,Mexico,26/05/2020 02:32,24.5593,-104.6588,246,26,150,70,Durango
82601,82601,Emilia-Romagna,Italy,26/05/2020 02:32,44.49436681,11.3417208,27587,4068,19160,4359,Emilia-Romagna
82601,82601,Espirito Santo,Brazil,26/05/2020 02:32,-19.1834,-40.3089,10365,465,0,9900,Espirito Santo
82601,82601,Extremadura,Spain,26/05/2020 02:32,39.4937,-6.0679,2952,506,0,2446,Extremadura
82601,82601,Falkland Islands (Malvinas),United Kingdom,26/05/2020 02:32,-51.7963,-59.5236,13,0,13,0,Falkland Islands (Malvinas)
82601,82601,Faroe Islands,Denmark,26/05/2020 02:32,61.8926,-6.9118,187,0,187,0,Faroe Islands
82601,82601,French Guiana,France,26/05/2020 02:32,4.0,-53.0,353,1,146,206,French Guiana
82601,82601,French Polynesia,France,26/05/2020 02:32,-17.6797,-149.4068,60,0,60,0,French Polynesia
82601,82601,Friuli Venezia Giulia,Italy,26/05/2020 02:32,45.6494354,13.76813649,3240,329,2525,386,Friuli Venezia Giulia
82601,82601,Fujian,China,26/05/2020 02:32,26.0789,117.9874,357,1,355,1,Fujian
82601,82601,Galicia,Spain,26/05/2020 02:32,42.5751,-8.1339,9079,607,0,8472,Galicia
82601,82601,Gansu,China,26/05/2020 02:32,35.7518,104.2861,139,2,137,0,Gansu
82601,82601,Gibraltar,United Kingdom,26/05/2020 02:32,36.1408,-5.3536,154,0,147,7,Gibraltar
82601,82601,Goias,Brazil,26/05/2020 02:32,-15.827,-49.8362,2515,96,0,2416,Goias
82601,82601,Grand Princess,Canada,26/05/2020 02:32,,,13,0,13,0,Grand Princess
82601,82601,Greenland,Denmark,26/05/2020 02:32,71.7069,-42.6043,12,0,11,1,Greenland
82601,82601,Guadeloupe,France,26/05/2020 02:32,16.265,-61.551,161,14,115,32,Guadeloupe
82601,82601,Guanajuato,Mexico,26/05/2020 02:32,21.019000000000002,-101.2574,1127,91,666,370,Guanajuato
82601,82601,Guangdong,China,26/05/2020 02:32,23.3417,113.4244,1592,8,1581,3,Guangdong
82601,82601,Guangxi,China,26/05/2020 02:32,23.8298,108.7881,254,2,252,0,Guangxi
82601,82601,Guerrero,Mexico,26/05/2020 02:32,17.4392,-99.5451,1301,174,795,332,Guerrero
82601,82601,Guizhou,China,26/05/2020 02:32,26.8154,106.8748,147,2,145,0,Guizhou
82601,82601,Hainan,China,26/05/2020 02:32,19.1959,109.7453,169,6,162,1,Hainan
82601,82601,Hamburg,Germany,26/05/2020 02:32,53.5511,9.9937,5069,241,4700,128,Hamburg
82601,82601,Hebei,China,26/05/2020 02:32,37.8957,114.9042,328,6,322,0,Hebei
82601,82601,Heilongjiang,China,26/05/2020 02:32,47.862,127.7615,945,13,932,0,Heilongjiang
82601,82601,Henan,China,26/05/2020 02:32,33.882,113.614,1276,22,1254,0,Henan
82601,82601,Hessen,Germany,26/05/2020 02:32,50.6521,9.1624,9770,460,8500,810,Hessen
82601,82601,Hidalgo,Mexico,26/05/2020 02:32,20.0911,-98.7624,1319,215,698,406,Hidalgo
82601,82601,Hong Kong,China,26/05/2020 02:32,22.3,114.2,1065,4,1030,31,Hong Kong
82601,82601,Hubei,China,26/05/2020 02:32,30.9756,112.2707,68135,4512,63617,6,Hubei
82601,82601,Hunan,China,26/05/2020 02:32,27.6104,111.7088,1019,4,1015,0,Hunan
82601,82601,Inner Mongolia,China,26/05/2020 02:32,44.0935,113.9448,232,1,204,27,Inner Mongolia
82601,82601,Isle of Man,United Kingdom,26/05/2020 02:32,54.2361,-4.5481,336,24,305,7,Isle of Man
82601,82601,Jalisco,Mexico,26/05/2020 02:32,20.6595,-103.3494,1238,116,742,380,Jalisco
82601,82601,Jiangsu,China,26/05/2020 02:32,32.9711,119.455,653,0,653,0,Jiangsu
82601,82601,Jiangxi,China,26/05/2020 02:32,27.614,115.7221,937,1,936,0,Jiangxi
82601,82601,Jilin,China,26/05/2020 02:32,43.6661,126.1923,155,2,128,25,Jilin
82601,82601,La Rioja,Spain,26/05/2020 02:32,42.2871,-2.5396,4041,358,0,3683,La Rioja
82601,82601,Lazio,Italy,26/05/2020 02:32,41.89277044,12.48366722,7643,688,3401,3554,Lazio
82601,82601,Liaoning,China,26/05/2020 02:32,41.2956,122.6085,149,2,147,0,Liaoning
82601,82601,Liguria,Italy,26/05/2020 02:32,44.41149315,8.9326992,9497,1425,6516,1556,Liguria
82601,82601,Lombardia,Italy,26/05/2020 02:32,45.46679409,9.190347404,87258,15874,46169,25215,Lombardia
82601,82601,Los Lagos,Chile,26/05/2020 02:32,-41.9198,-72.1416,763,13,0,750,Los Lagos
82601,82601,Los Rios,Chile,26/05/2020 02:32,-40.231,-72.3311,297,6,0,291,Los Rios
82601,82601,Macau,China,26/05/2020 02:32,22.1667,113.55,45,0,45,0,Macau
82601,82601,Madrid,Spain,26/05/2020 02:32,40.4168,-3.7038,67932,8686,0,59246,Madrid
82601,82601,Magallanes,Chile,26/05/2020 02:32,-52.368,-70.9863,1016,18,0,998,Magallanes
82601,82601,Manitoba,Canada,26/05/2020 02:32,53.7609,-98.8139,292,7,268,17,Manitoba
82601,82601,Maranhao,Brazil,26/05/2020 02:32,-4.9609,-45.2744,24278,817,0,22002,Maranhao
82601,82601,Marche,Italy,26/05/2020 02:32,43.61675973,13.5188753,6716,995,4059,1662,Marche
82601,82601,Martinique,France,26/05/2020 02:32,14.6415,-61.0242,197,14,91,92,Martinique
82601,82601,Mato Grosso,Brazil,26/05/2020 02:32,-12.6819,-56.9211,1594,42,0,1459,Mato Grosso
82601,82601,Mato Grosso do Sul,Brazil,26/05/2020 02:32,-20.7722,-54.7852,1100,17,0,1006,Mato Grosso do Sul
82601,82601,Maule,Chile,26/05/2020 02:32,-35.5183,-71.6885,953,15,0,938,Maule
82601,82601,Mayotte,France,26/05/2020 02:32,-12.8275,45.166244,1609,20,894,695,Mayotte
82601,82601,Mecklenburg-Vorpommern,Germany,26/05/2020 02:32,53.6127,12.4296,760,20,707,33,Mecklenburg-Vorpommern
82601,82601,Melilla,Spain,26/05/2020 02:32,35.2923,-2.9381,121,2,0,119,Melilla
82601,82601,Metropolitana,Chile,26/05/2020 02:32,-33.4376,-70.6505,58930,529,0,58401,Metropolitana
82601,82601,Mexico,Mexico,26/05/2020 02:32,19.4969,-99.7233,11523,872,9229,1422,Mexico
82601,82601,Michoacan,Mexico,26/05/2020 02:32,19.5665,-101.7068,1402,119,935,348,Michoacan
82601,82601,Minas Gerais,Brazil,26/05/2020 02:32,-18.5122,-44.555,6962,230,0,6732,Minas Gerais
82601,82601,Molise,Italy,26/05/2020 02:32,41.55774754,14.65916051,432,22,233,177,Molise
82601,82601,Montserrat,United Kingdom,26/05/2020 02:32,16.742498,-62.187366,11,1,10,0,Montserrat
82601,82601,Morelos,Mexico,26/05/2020 02:32,18.6813,-99.1013,1232,239,779,214,Morelos
82601,82601,Murcia,Spain,26/05/2020 02:32,37.9922,-1.1307,1573,139,0,1434,Murcia
82601,82601,Navarra,Spain,26/05/2020 02:32,42.6954,-1.6761,5195,490,0,4705,Navarra
82601,82601,Nayarit,Mexico,26/05/2020 02:32,21.7514,-104.8455,439,42,275,122,Nayarit
82601,82601,New Brunswick,Canada,26/05/2020 02:32,46.5653,-66.4619,121,0,120,1,New Brunswick
82601,82601,New Caledonia,France,26/05/2020 02:32,-20.904305,165.618042,18,0,18,0,New Caledonia
82601,82601,New South Wales,Australia,26/05/2020 02:32,-33.8688,151.2093,3092,48,2661,383,New South Wales
82601,82601,Newfoundland and Labrador,Canada,26/05/2020 02:32,53.1355,-57.6604,260,3,254,3,Newfoundland and Labrador
82601,82601,Niedersachsen,Germany,26/05/2020 02:32,52.6367,9.8451,11578,572,10300,702,Niedersachsen
82601,82601,Ningxia,China,26/05/2020 02:32,37.2692,106.1655,75,0,75,0,Ningxia
82601,82601,Nordrhein-Westfalen,Germany,26/05/2020 02:32,51.4332,7.6616,37298,1565,33600,2133,Nordrhein-Westfalen
82601,82601,Northern Territory,Australia,26/05/2020 02:32,-12.4634,130.8456,29,0,29,0,Northern Territory
82601,82601,Northwest Territories,Canada,26/05/2020 02:32,64.8255,-124.8457,5,0,5,0,Northwest Territories
82601,82601,Nova Scotia,Canada,26/05/2020 02:32,44.681999999999995,-63.7443,1051,58,974,19,Nova Scotia
82601,82601,Nunavut,Canada,26/05/2020 02:32,70.2998,-83.1076,0,0,0,0,Nunavut
82601,82601,Nuble,Chile,26/05/2020 02:32,-36.7226,-71.7622,1139,22,0,1117,Nuble
82601,82601,Nuevo Leon,Mexico,26/05/2020 02:32,25.5922,-99.9962,1168,67,800,301,Nuevo Leon
82601,82601,OHiggins,Chile,26/05/2020 02:32,-48.4674,-72.5592,588,13,0,575,OHiggins
82601,82601,Oaxaca,Mexico,26/05/2020 02:32,17.0732,-96.7266,1070,106,562,402,Oaxaca
82601,82601,Ontario,Canada,26/05/2020 02:32,51.2538,-85.3232,26672,2102,19698,5394,Ontario
82601,82601,P.A. Bolzano,Italy,26/05/2020 02:32,46.49933453,11.35662422,2593,291,2118,184,P.A. Bolzano
82601,82601,P.A. Trento,Italy,26/05/2020 02:32,46.06893511,11.12123097,4405,458,3430,517,P.A. Trento
82601,82601,Pais Vasco,Spain,26/05/2020 02:32,42.9896,-2.6189,13478,1424,0,12054,Pais Vasco
82601,82601,Para,Brazil,26/05/2020 02:32,-1.9981,-54.9306,27366,2431,0,23705,Para
82601,82601,Paraiba,Brazil,26/05/2020 02:32,-7.24,-36.782,8016,279,0,7737,Paraiba
82601,82601,Parana,Brazil,26/05/2020 02:32,-25.2521,-52.0215,3384,160,0,3175,Parana
82601,82601,Pernambuco,Brazil,26/05/2020 02:32,-8.8137,-36.9541,28366,2248,0,26118,Pernambuco
82601,82601,Piaui,Brazil,26/05/2020 02:32,-7.7183,-42.7289,3720,119,0,3440,Piaui
82601,82601,Piemonte,Italy,26/05/2020 02:32,45.0732745,7.680687483,30228,3798,18934,7496,Piemonte
82601,82601,Prince Edward Island,Canada,26/05/2020 02:32,46.5107,-63.4168,27,0,27,0,Prince Edward Island
82601,82601,Puebla,Mexico,26/05/2020 02:32,19.0414,-98.2063,2165,260,1373,532,Puebla
82601,82601,Puglia,Italy,26/05/2020 02:32,41.12559576,16.86736689,4467,491,2298,1678,Puglia
82601,82601,Qinghai,China,26/05/2020 02:32,35.7452,95.9956,18,0,18,0,Qinghai
82601,82601,Quebec,Canada,26/05/2020 02:32,52.9399,-73.5491,48571,4835,14654,29082,Quebec
82601,82601,Queensland,Australia,26/05/2020 02:32,-27.4698,153.0251,1057,6,1039,12,Queensland
82601,82601,Queretaro,Mexico,26/05/2020 02:32,20.5888,-100.3899,710,78,371,261,Queretaro
82601,82601,Quintana Roo,Mexico,26/05/2020 02:32,19.1817,-88.4791,1641,294,1113,234,Quintana Roo
82601,82601,Reunion,France,26/05/2020 02:32,-21.1151,55.5364,456,1,411,44,Reunion
82601,82601,Rheinland-Pfalz,Germany,26/05/2020 02:32,50.1183,7.309,6596,228,6045,323,Rheinland-Pfalz
82601,82601,Rio Grande do Norte,Brazil,26/05/2020 02:32,-5.4026,-36.9541,5472,220,0,4550,Rio Grande do Norte
82601,82601,Rio Grande do Sul,Brazil,26/05/2020 02:32,-30.0346,-51.2177,6559,197,0,6362,Rio Grande do Sul
82601,82601,Rio de Janeiro,Brazil,26/05/2020 02:32,-22.9068,-43.1729,39298,4105,0,35193,Rio de Janeiro
82601,82601,Rondonia,Brazil,26/05/2020 02:32,-11.5057,-63.5806,3268,121,0,3147,Rondonia
82601,82601,Roraima,Brazil,26/05/2020 02:32,-2.7376,-62.0751,2564,86,0,2428,Roraima
82601,82601,Saarland,Germany,26/05/2020 02:32,49.3964,7.023,2716,157,2457,97,Saarland
82601,82601,Sachsen,Germany,26/05/2020 02:32,51.1045,13.2017,5231,205,4720,306,Sachsen
82601,82601,Sachsen-Anhalt,Germany,26/05/2020 02:32,51.9503,11.6923,1694,54,1554,91,Sachsen-Anhalt
82601,82601,Saint Barthelemy,France,26/05/2020 02:32,17.9,-62.8333,6,0,6,0,Saint Barthelemy
82601,82601,Saint Helena, Ascension and Tristan da Cunha,United Kingdom,26/05/2020 02:32,-7.9467,-14.3559,0,0,0,0
82601,82601,Saint Pierre and Miquelon,France,26/05/2020 02:32,46.8852,-56.3159,1,0,1,0,Saint Pierre and Miquelon
82601,82601,San Luis Potosi,Mexico,26/05/2020 02:32,22.1565,-100.9855,692,40,438,214,San Luis Potosi
82601,82601,Santa Catarina,Brazil,26/05/2020 02:32,-27.2423,-50.2189,6875,109,0,6766,Santa Catarina
82601,82601,Sao Paulo,Brazil,26/05/2020 02:32,-23.5505,-46.6333,83625,6220,0,77405,Sao Paulo
82601,82601,Sardegna,Italy,26/05/2020 02:32,39.21531192,9.110616306,1354,129,994,231,Sardegna
82601,82601,Saskatchewan,Canada,26/05/2020 02:32,52.9399,-106.4509,634,7,546,81,Saskatchewan
82601,82601,Schleswig-Holstein,Germany,26/05/2020 02:32,54.2194,9.6961,3062,137,2800,125,Schleswig-Holstein
82601,82601,Sergipe,Brazil,26/05/2020 02:32,-10.5741,-37.3857,5448,103,0,5345,Sergipe
82601,82601,Shaanxi,China,26/05/2020 02:32,35.1917,108.8701,308,3,305,0,Shaanxi
82601,82601,Shandong,China,26/05/2020 02:32,36.3427,118.1498,788,7,780,1,Shandong
82601,82601,Shanghai,China,26/05/2020 02:32,31.202,121.4491,669,7,652,10,Shanghai
82601,82601,Shanxi,China,26/05/2020 02:32,37.5777,112.2922,198,0,198,0,Shanxi
82601,82601,Sichuan,China,26/05/2020 02:32,30.6171,102.7103,564,3,558,3,Sichuan
82601,82601,Sicilia,Italy,26/05/2020 02:32,38.11569725,13.362356699999998,3427,270,1724,1433,Sicilia
82601,82601,Sinaloa,Mexico,26/05/2020 02:32,25.1721,-107.4795,2794,406,1831,557,Sinaloa
82601,82601,Sint Maarten,Netherlands,26/05/2020 02:32,18.0425,-63.0548,77,15,59,3,Sint Maarten
82601,82601,Sonora,Mexico,26/05/2020 02:32,29.2972,-110.3309,1451,72,1019,360,Sonora
82601,82601,South Australia,Australia,26/05/2020 02:32,-34.9285,138.6007,439,4,435,0,South Australia
82601,82601,St Martin,France,26/05/2020 02:32,18.0708,-63.0501,39,3,33,3,St Martin
82601,82601,Tabasco,Mexico,26/05/2020 02:32,17.8409,-92.6189,3236,416,2214,606,Tabasco
82601,82601,Tamaulipas,Mexico,26/05/2020 02:32,24.2669,-98.8363,1289,86,905,298,Tamaulipas
82601,82601,Tarapaca,Chile,26/05/2020 02:32,-19.9232,-69.5132,1630,7,0,1623,Tarapaca
82601,82601,Tasmania,Australia,26/05/2020 02:32,-42.8821,147.3272,228,13,202,13,Tasmania
82601,82601,Thuringen,Germany,26/05/2020 02:32,51.011,10.8453,2871,152,2480,239,Thuringen
82601,82601,Tianjin,China,26/05/2020 02:32,39.3054,117.323,192,3,188,1,Tianjin
82601,82601,Tibet,China,26/05/2020 02:32,31.6927,88.0924,1,0,1,0,Tibet
82601,82601,Tlaxcala,Mexico,26/05/2020 02:32,19.3139,-98.2404,827,134,478,215,Tlaxcala
82601,82601,Tocantins,Brazil,26/05/2020 02:32,-10.1753,-48.2982,2696,58,0,2638,Tocantins
82601,82601,Toscana,Italy,26/05/2020 02:32,43.76923077,11.25588885,10067,1015,7416,1636,Toscana
82601,82601,Turks and Caicos Islands,United Kingdom,26/05/2020 02:32,21.69400000000001,-71.7979,12,1,10,1,Turks and Caicos Islands
82601,82601,Umbria,Italy,26/05/2020 02:32,43.10675841,12.38824698,1430,75,1309,46,Umbria
82601,82601,Unknown,Brazil,26/05/2020 02:32,,,0,0,153833,0,Unknown
82601,82601,Unknown,Chile,26/05/2020 02:32,,,0,0,29302,0,Unknown
82601,82601,Unknown,Germany,26/05/2020 02:32,,,1671,0,0,1671,Unknown
82601,82601,Unknown,Spain,26/05/2020 02:32,,,0,0,150376,0,Unknown
82601,82601,Valle d'Aosta,Italy,26/05/2020 02:32,45.73750286,7.320149366,1179,143,1003,33,Valle d'Aosta
82601,82601,Valparaiso,Chile,26/05/2020 02:32,-33.0472,-71.6127,2305,53,0,2252,Valparaiso
82601,82601,Veneto,Italy,26/05/2020 02:32,45.43490485,12.33845213,19097,1878,14641,2578,Veneto
82601,82601,Veracruz,Mexico,26/05/2020 02:32,19.1738,-96.1342,2944,372,1972,600,Veracruz
82601,82601,Victoria,Australia,26/05/2020 02:32,-37.8136,144.9631,1610,19,1533,58,Victoria
82601,82601,Western Australia,Australia,26/05/2020 02:32,-31.9505,115.8605,564,9,549,6,Western Australia
82601,82601,Xinjiang,China,26/05/2020 02:32,41.1129,85.2401,76,3,73,0,Xinjiang
82601,82601,Yucatan,Mexico,26/05/2020 02:32,20.7099,-89.0943,1522,123,1009,390,Yucatan
82601,82601,Yukon,Canada,26/05/2020 02:32,64.2823,-135.0,11,0,11,0,Yukon
82601,82601,Yunnan,China,26/05/2020 02:32,24.974,101.487,185,2,183,0,Yunnan
82601,82601,Zacatecas,Mexico,26/05/2020 02:32,22.7709,-102.5832,243,28,161,54,Zacatecas
82601,82601,Zhejiang,China,26/05/2020 02:32,29.1832,120.0934,1268,1,1267,0,Zhejiang
82601,82601,,Afghanistan,26/05/2020 02:32,33.93911,67.709953,11180,223,1097,9860,Afghanistan
82601,82601,,Albania,26/05/2020 02:32,41.1533,20.1683,1004,32,795,177,Albania
82601,82601,,Algeria,26/05/2020 02:32,28.0339,1.6596,8503,609,4747,3147,Algeria
82601,82601,,Andorra,26/05/2020 02:32,42.5063,1.5218,763,51,663,49,Andorra
82601,82601,,Angola,26/05/2020 02:32,-11.2027,17.8739,70,4,18,48,Angola
82601,82601,,Antigua and Barbuda,26/05/2020 02:32,17.0608,-61.7964,25,3,19,3,Antigua and Barbuda
82601,82601,,Argentina,26/05/2020 02:32,-38.4161,-63.6167,12628,467,3999,8162,Argentina
82601,82601,,Armenia,26/05/2020 02:32,40.0691,45.0382,7113,87,3145,3881,Armenia
82601,82601,,Austria,26/05/2020 02:32,47.5162,14.5501,16421,729,15138,760,Austria
82601,82601,,Azerbaijan,26/05/2020 02:32,40.1431,47.5769,4271,51,2741,1479,Azerbaijan
82601,82601,,Bahamas,26/05/2020 02:32,25.025885,-78.035889,100,11,46,43,Bahamas
82601,82601,,Bahrain,26/05/2020 02:32,26.0275,50.55,9171,14,4753,4404,Bahrain
82601,82601,,Bangladesh,26/05/2020 02:32,23.685,90.3563,35585,501,7334,27750,Bangladesh
82601,82601,,Barbados,26/05/2020 02:32,13.1939,-59.5432,92,7,71,14,Barbados
82601,82601,,Belarus,26/05/2020 02:32,53.7098,27.9534,37144,204,14449,22491,Belarus
82601,82601,,Belgium,26/05/2020 02:32,50.8333,4.469936,57342,9312,15297,32733,Belgium
82601,82601,,Belize,26/05/2020 02:32,13.1939,-59.5432,18,2,16,0,Belize
82601,82601,,Benin,26/05/2020 02:32,9.3077,2.3158,191,3,84,104,Benin
82601,82601,,Bhutan,26/05/2020 02:32,27.5142,90.4336,27,0,6,21,Bhutan
82601,82601,,Bolivia,26/05/2020 02:32,-16.2902,-63.5887,6660,261,647,5752,Bolivia
82601,82601,,Bosnia and Herzegovina,26/05/2020 02:32,43.9159,17.6791,2406,146,1696,564,Bosnia and Herzegovina
82601,82601,,Botswana,26/05/2020 02:32,-22.3285,24.6849,35,1,19,15,Botswana
82601,82601,,Brunei,26/05/2020 02:32,4.5353,114.7277,141,1,137,3,Brunei
82601,82601,,Bulgaria,26/05/2020 02:32,42.7339,25.4858,2433,130,862,1441,Bulgaria
82601,82601,,Burkina Faso,26/05/2020 02:32,12.2383,-1.5616,832,52,672,108,Burkina Faso
82601,82601,,Burma,26/05/2020 02:32,21.9162,95.956,203,6,123,74,Burma
82601,82601,,Burundi,26/05/2020 02:32,-3.3731,29.9189,42,1,20,21,Burundi
82601,82601,,Cabo Verde,26/05/2020 02:32,16.5388,-23.0418,390,3,155,232,Cabo Verde
82601,82601,,Cambodia,26/05/2020 02:32,11.55,104.9167,124,0,122,2,Cambodia
82601,82601,,Cameroon,26/05/2020 02:32,3.848,11.5021,4890,165,1865,2860,Cameroon
82601,82601,,Central African Republic,26/05/2020 02:32,6.6111,20.9394,652,1,22,629,Central African Republic
82601,82601,,Chad,26/05/2020 02:32,15.4542,18.7322,687,61,244,382,Chad
82601,82601,,Colombia,26/05/2020 02:32,4.5709,-74.2973,21981,750,5265,15966,Colombia
82601,82601,,Comoros,26/05/2020 02:32,-11.6455,43.3333,87,1,21,65,Comoros
82601,82601,,Congo (Brazzaville),26/05/2020 02:32,-0.228,15.8277,487,16,147,324,Congo (Brazzaville)
82601,82601,,Congo (Kinshasa),26/05/2020 02:32,-4.0383,21.7587,2297,67,337,1893,Congo (Kinshasa)
82601,82601,,Costa Rica,26/05/2020 02:32,9.7489,-83.7534,951,10,628,313,Costa Rica
82601,82601,,Cote d'Ivoire,26/05/2020 02:32,7.54,-5.5471,2423,30,1257,1136,Cote d'Ivoire
82601,82601,,Croatia,26/05/2020 02:32,45.1,15.2,2244,100,2035,109,Croatia
82601,82601,,Cuba,26/05/2020 02:32,21.521757,-77.78116700000002,1947,82,1704,161,Cuba
82601,82601,,Cyprus,26/05/2020 02:32,35.1264,33.4299,935,17,594,324,Cyprus
82601,82601,,Czechia,26/05/2020 02:32,49.8175,15.473,9002,317,6182,2503,Czechia
82601,82601,,Denmark,26/05/2020 02:32,56.2639,9.5018,11387,563,9964,860,Denmark
82601,82601,,Diamond Princess,26/05/2020 02:32,,,712,13,651,48,Diamond Princess
82601,82601,,Djibouti,26/05/2020 02:32,11.8251,42.5903,2468,14,1079,1375,Djibouti
82601,82601,,Dominica,26/05/2020 02:32,15.415,-61.371,16,0,16,0,Dominica
82601,82601,,Dominican Republic,26/05/2020 02:32,18.7357,-70.1627,15073,460,8285,6328,Dominican Republic
82601,82601,,Ecuador,26/05/2020 02:32,-1.8312,-78.1834,37355,3203,18003,16149,Ecuador
82601,82601,,Egypt,26/05/2020 02:32,26.820553000000004,30.802498,17967,783,4900,12284,Egypt
82601,82601,,El Salvador,26/05/2020 02:32,13.7942,-88.8965,1983,35,772,1176,El Salvador
82601,82601,,Equatorial Guinea,26/05/2020 02:32,1.6508,10.2679,1043,12,165,866,Equatorial Guinea
82601,82601,,Eritrea,26/05/2020 02:32,15.1794,39.7823,39,0,39,0,Eritrea
82601,82601,,Estonia,26/05/2020 02:32,58.5953,25.0136,1824,65,1538,221,Estonia
82601,82601,,Eswatini,26/05/2020 02:32,-26.5225,31.4659,256,2,158,96,Eswatini
82601,82601,,Ethiopia,26/05/2020 02:32,9.145,40.4897,655,5,159,491,Ethiopia
82601,82601,,Fiji,26/05/2020 02:32,-17.7134,178.065,18,0,15,3,Fiji
82601,82601,,Finland,26/05/2020 02:32,61.92411,25.748151,6823,303,5100,1191,Finland
82601,82601,,France,26/05/2020 02:32,46.2276,2.2137,181684,28408,63542,89734,France
82601,82601,,Gabon,26/05/2020 02:32,-0.8037,11.6094,2135,14,562,1559,Gabon
82601,82601,,Gambia,26/05/2020 02:32,13.4432,-15.3101,25,1,17,7,Gambia
82601,82601,,Georgia,26/05/2020 02:32,42.3154,43.3569,731,12,526,193,Georgia
82601,82601,,Ghana,26/05/2020 02:32,7.9465,-1.0232,6808,32,2070,4706,Ghana
82601,82601,,Greece,26/05/2020 02:32,39.0742,21.8243,2882,172,1374,1336,Greece
82601,82601,,Grenada,26/05/2020 02:32,12.1165,-61.679,23,0,18,5,Grenada
82601,82601,,Guatemala,26/05/2020 02:32,15.7835,-90.2308,3760,59,274,3427,Guatemala
82601,82601,,Guinea,26/05/2020 02:32,9.9456,-9.6966,3275,20,1673,1582,Guinea
82601,82601,,Guinea-Bissau,26/05/2020 02:32,11.8037,-15.1804,1178,7,42,1129,Guinea-Bissau
82601,82601,,Guyana,26/05/2020 02:32,4.860416000000002,-58.93018000000001,137,11,62,64,Guyana
82601,82601,,Haiti,26/05/2020 02:32,18.9712,-72.2852,865,26,22,817,Haiti
82601,82601,,Holy See,26/05/2020 02:32,41.9029,12.4534,12,0,2,10,Holy See
82601,82601,,Honduras,26/05/2020 02:32,15.2,-86.2419,4189,182,473,3534,Honduras
82601,82601,,Hungary,26/05/2020 02:32,47.1625,19.5033,3756,491,1711,1554,Hungary
82601,82601,,Iceland,26/05/2020 02:32,64.9631,-19.0208,1804,10,1791,3,Iceland
82601,82601,,India,26/05/2020 02:32,20.593684,78.96288,144950,4172,60706,80072,India
82601,82601,,Indonesia,26/05/2020 02:32,-0.7893,113.9213,22750,1391,5642,15717,Indonesia
82601,82601,,Iran,26/05/2020 02:32,32.427908,53.68804599999999,137724,7451,107713,22560,Iran
82601,82601,,Iraq,26/05/2020 02:32,33.223191,43.679291,4632,163,2811,1658,Iraq
82601,82601,,Ireland,26/05/2020 02:32,53.1424,-7.6921,24698,1606,21060,2032,Ireland
82601,82601,,Israel,26/05/2020 02:32,31.046051,34.851612,16683,284,14252,2147,Israel
82601,82601,,Jamaica,26/05/2020 02:32,18.1096,-77.2975,556,9,238,309,Jamaica
82601,82601,,Japan,26/05/2020 02:32,36.204824,138.252924,16581,830,13612,2139,Japan
82601,82601,,Jordan,26/05/2020 02:32,31.24,36.51,711,9,479,223,Jordan
82601,82601,,Kazakhstan,26/05/2020 02:32,48.0196,66.9237,8969,35,4515,4419,Kazakhstan
82601,82601,,Kenya,26/05/2020 02:32,-0.0236,37.9062,1286,52,402,832,Kenya
82601,82601,,Korea, South,26/05/2020 02:32,35.90775700000001,127.766922,11225,269,10275,681
82601,82601,,Kosovo,26/05/2020 02:32,42.602636,20.902977,1038,30,791,217,Kosovo
82601,82601,,Kuwait,26/05/2020 02:32,29.31166,47.481766,21967,165,6621,15181,Kuwait
82601,82601,,Kyrgyzstan,26/05/2020 02:32,41.20438,74.766098,1433,16,992,425,Kyrgyzstan
82601,82601,,Laos,26/05/2020 02:32,19.85627,102.495496,19,0,14,5,Laos
82601,82601,,Latvia,26/05/2020 02:32,56.8796,24.6032,1049,22,712,315,Latvia
82601,82601,,Lebanon,26/05/2020 02:32,33.8547,35.8623,1119,26,688,405,Lebanon
82601,82601,,Lesotho,26/05/2020 02:32,-29.609988,28.233608,2,0,0,2,Lesotho
82601,82601,,Liberia,26/05/2020 02:32,6.4280550000000005,-9.429499,265,26,141,98,Liberia
82601,82601,,Libya,26/05/2020 02:32,26.3351,17.228331,75,3,40,32,Libya
82601,82601,,Liechtenstein,26/05/2020 02:32,47.14,9.55,83,1,55,27,Liechtenstein
82601,82601,,Lithuania,26/05/2020 02:32,55.1694,23.8813,1564,49,1241,338,Lithuania
82601,82601,,Luxembourg,26/05/2020 02:32,49.8153,6.1296,3993,110,3781,102,Luxembourg
82601,82601,,MS Zaandam,26/05/2020 02:32,,,9,2,0,7,MS Zaandam
82601,82601,,Madagascar,26/05/2020 02:32,-18.766947,46.869107,542,2,147,393,Madagascar
82601,82601,,Malawi,26/05/2020 02:32,-13.254307999999998,34.301525,101,4,33,64,Malawi
82601,82601,,Maldives,26/05/2020 02:32,3.2028,73.2207,1395,4,155,1236,Maldives
82601,82601,,Mali,26/05/2020 02:32,17.570692,-3.996166000000001,1059,67,604,388,Mali
82601,82601,,Malta,26/05/2020 02:32,35.9375,14.3754,611,6,485,120,Malta
82601,82601,,Mauritania,26/05/2020 02:32,21.0079,-10.9408,262,9,15,238,Mauritania
82601,82601,,Mauritius,26/05/2020 02:32,-20.348404,57.552152,334,10,322,2,Mauritius
82601,82601,,Moldova,26/05/2020 02:32,47.4116,28.3699,7147,261,3802,3084,Moldova
82601,82601,,Monaco,26/05/2020 02:32,43.7333,7.4167,98,4,90,4,Monaco
82601,82601,,Mongolia,26/05/2020 02:32,46.8625,103.8467,141,0,33,108,Mongolia
82601,82601,,Montenegro,26/05/2020 02:32,42.708678000000006,19.37439,324,9,315,0,Montenegro
82601,82601,,Morocco,26/05/2020 02:32,31.7917,-7.0926,7532,200,4774,2558,Morocco
82601,82601,,Mozambique,26/05/2020 02:32,-18.665695,35.529562,209,1,71,137,Mozambique
82601,82601,,Namibia,26/05/2020 02:32,-22.9576,18.4904,21,0,14,7,Namibia
82601,82601,,Nepal,26/05/2020 02:32,28.1667,84.25,682,4,112,566,Nepal
82601,82601,,Netherlands,26/05/2020 02:32,52.1326,5.2913,45445,5830,0,39615,Netherlands
82601,82601,,New Zealand,26/05/2020 02:32,-40.9006,174.886,1504,23,1461,22,New Zealand
82601,82601,,Nicaragua,26/05/2020 02:32,12.865416,-85.207229,279,17,199,63,Nicaragua
82601,82601,,Niger,26/05/2020 02:32,17.607789,8.081666,951,62,786,103,Niger
82601,82601,,Nigeria,26/05/2020 02:32,9.082,8.6753,8068,233,2311,5524,Nigeria
82601,82601,,North Macedonia,26/05/2020 02:32,41.6086,21.7453,1999,113,1439,447,North Macedonia
82601,82601,,Norway,26/05/2020 02:32,60.472,8.4689,8364,235,7727,402,Norway
82601,82601,,Oman,26/05/2020 02:32,21.512583,55.92325500000001,7770,37,1933,5800,Oman
82601,82601,,Pakistan,26/05/2020 02:32,30.3753,69.3451,56349,1167,17482,37700,Pakistan
82601,82601,,Panama,26/05/2020 02:32,8.538,-80.7821,11183,310,6279,4594,Panama
82601,82601,,Papua New Guinea,26/05/2020 02:32,-6.314993,143.95555,8,0,8,0,Papua New Guinea
82601,82601,,Paraguay,26/05/2020 02:32,-23.4425,-58.4438,865,11,344,510,Paraguay
82601,82601,,Peru,26/05/2020 02:32,-9.19,-75.0152,123979,17216,50949,55814,Peru
82601,82601,,Philippines,26/05/2020 02:32,12.879721,121.774017,14319,873,3323,10123,Philippines
82601,82601,,Poland,26/05/2020 02:32,51.9194,19.1451,21631,1007,9276,11348,Poland
82601,82601,,Portugal,26/05/2020 02:32,39.3999,-8.2245,30788,1330,17822,11636,Portugal
82601,82601,,Qatar,26/05/2020 02:32,25.3548,51.1839,45465,26,10363,35076,Qatar
82601,82601,,Romania,26/05/2020 02:32,45.9432,24.9668,18283,1205,11630,5448,Romania
82601,82601,,Russia,26/05/2020 02:32,61.52401,105.318756,353427,3633,118798,230996,Russia
82601,82601,,Rwanda,26/05/2020 02:32,-1.9403,29.8739,336,0,238,98,Rwanda
82601,82601,,Saint Kitts and Nevis,26/05/2020 02:32,17.357822,-62.782998,15,0,15,0,Saint Kitts and Nevis
82601,82601,,Saint Lucia,26/05/2020 02:32,13.9094,-60.9789,18,0,18,0,Saint Lucia
82601,82601,,Saint Vincent and the Grenadines,26/05/2020 02:32,12.9843,-61.2872,18,0,14,4,Saint Vincent and the Grenadines
82601,82601,,Samoa,26/05/2020 02:32,-13.759,-172.1046,0,0,0,0,Samoa
82601,82601,,San Marino,26/05/2020 02:32,43.9424,12.4578,672,42,270,360,San Marino
82601,82601,,Sao Tome and Principe,26/05/2020 02:32,0.18636,6.613081,299,11,4,284,Sao Tome and Principe
82601,82601,,Saudi Arabia,26/05/2020 02:32,23.885942,45.079162,74795,399,45668,28728,Saudi Arabia
82601,82601,,Senegal,26/05/2020 02:32,14.4974,-14.4524,3130,35,1515,1580,Senegal
82601,82601,,Serbia,26/05/2020 02:32,44.0165,21.0059,11193,239,5920,5034,Serbia
82601,82601,,Seychelles,26/05/2020 02:32,-4.6796,55.492,11,0,11,0,Seychelles
82601,82601,,Sierra Leone,26/05/2020 02:32,8.460555000000001,-11.779889,735,42,293,400,Sierra Leone
82601,82601,,Singapore,26/05/2020 02:32,1.2833,103.8333,31960,23,15738,16199,Singapore
82601,82601,,Slovakia,26/05/2020 02:32,48.669,19.699,1511,28,1307,176,Slovakia
82601,82601,,Slovenia,26/05/2020 02:32,46.1512,14.9955,1469,107,1346,16,Slovenia
82601,82601,,Somalia,26/05/2020 02:32,5.152149,46.199616,1689,66,235,1388,Somalia
82601,82601,,South Africa,26/05/2020 02:32,-30.5595,22.9375,23615,481,11917,11217,South Africa
82601,82601,,South Sudan,26/05/2020 02:32,6.877000000000002,31.307,806,8,6,792,South Sudan
82601,82601,,Sri Lanka,26/05/2020 02:32,7.873054,80.77179699999998,1182,10,695,477,Sri Lanka
82601,82601,,Sudan,26/05/2020 02:32,12.8628,30.2176,3826,170,503,3153,Sudan
82601,82601,,Suriname,26/05/2020 02:32,3.9193,-56.0278,11,1,9,1,Suriname
82601,82601,,Sweden,26/05/2020 02:32,60.128161,18.643501,33843,4029,4971,24843,Sweden
82601,82601,,Switzerland,26/05/2020 02:32,46.8182,8.2275,30746,1793,28200,753,Switzerland
82601,82601,,Syria,26/05/2020 02:32,34.802075,38.99681500000001,106,4,41,61,Syria
82601,82601,,Taiwan*,26/05/2020 02:32,23.7,121.0,441,7,415,19,Taiwan*
82601,82601,,Tajikistan,26/05/2020 02:32,38.861034,71.276093,2929,46,1395,1488,Tajikistan
82601,82601,,Tanzania,26/05/2020 02:32,-6.369028,34.888822,509,21,183,305,Tanzania
82601,82601,,Thailand,26/05/2020 02:32,15.870032,100.992541,3042,57,2928,57,Thailand
82601,82601,,Timor-Leste,26/05/2020 02:32,-8.874217,125.727539,24,0,24,0,Timor-Leste
82601,82601,,Togo,26/05/2020 02:32,8.6195,0.8248,386,13,161,212,Togo
82601,82601,,Trinidad and Tobago,26/05/2020 02:32,10.6918,-61.2225,116,8,108,0,Trinidad and Tobago
82601,82601,,Tunisia,26/05/2020 02:32,33.886917,9.537499,1051,48,919,84,Tunisia
82601,82601,,Turkey,26/05/2020 02:32,38.9637,35.2433,157814,4369,120015,33430,Turkey
82601,82601,,Uganda,26/05/2020 02:32,1.373333,32.290275,222,0,69,153,Uganda
82601,82601,,Ukraine,26/05/2020 02:32,48.3794,31.1656,21245,623,7234,13388,Ukraine
82601,82601,,United Arab Emirates,26/05/2020 02:32,23.424076,53.847818,30307,248,15657,14402,United Arab Emirates
82601,82601,Unknown,United Kingdom,26/05/2020 02:32,55.3781,-3.436,261184,68,0,224270,United Kingdom
82601,82601,,Uruguay,26/05/2020 02:32,-32.5228,-55.7658,787,22,629,136,Uruguay
82601,82601,,Uzbekistan,26/05/2020 02:32,41.377491,64.585262,3189,13,2607,569,Uzbekistan
82601,82601,,Venezuela,26/05/2020 02:32,6.4238,-66.5897,1177,10,302,865,Venezuela
82601,82601,,Vietnam,26/05/2020 02:32,14.058324,108.277199,326,0,272,54,Vietnam
82601,82601,,West Bank and Gaza,26/05/2020 02:32,31.9522,35.2332,423,3,357,63,West Bank and Gaza
82601,82601,,Yemen,26/05/2020 02:32,15.552727,48.516388,233,44,10,179,Yemen
82601,82601,,Zambia,26/05/2020 02:32,-13.133897,27.849332,920,7,336,577,Zambia
82601,82601,,Zimbabwe,26/05/2020 02:32,-19.015438,29.154857,56,4,25,27,Zimbabwe
82601,82601,Unknown,China,26/05/2020 02:32,,,3258,0,0,0,Unknown
82601,82601,,Kiribati,26/05/2020 02:32,-3.3704,-168.734,0,0,0,0,Kiribati
82601,82601,,Palau,26/05/2020 02:32,7.515,134.5825,0,0,0,0,Palau
82601,82601,Cook Islands,New Zealand,26/05/2020 02:32,-21.2367,-159.7777,0,0,0,0,Cook Islands
82601,82601,,Summer Olympics 2020,26/05/2020 02:32,35.6491,139.7737,0,0,0,0,Summer Olympics 2020
82601,82601,Johor,Malaysia,26/05/2020 02:32,1.4854,103.7618,674,18,559,97,Johor
82601,82601,Kedah,Malaysia,26/05/2020 02:32,6.1184,100.3685,96,1,89,6,Kedah
82601,82601,Kelantan,Malaysia,26/05/2020 02:32,6.1254,102.2381,156,3,147,6,Kelantan
82601,82601,Melaka,Malaysia,26/05/2020 02:32,2.1896,102.2501,211,6,186,19,Melaka
82601,82601,Negeri Sembilan,Malaysia,26/05/2020 02:32,2.7258,101.9424,793,8,647,138,Negeri Sembilan
82601,82601,Pahang,Malaysia,26/05/2020 02:32,3.8126,103.3256,347,7,283,57,Pahang
82601,82601,Perak,Malaysia,26/05/2020 02:32,4.5921,101.0901,254,6,244,4,Perak
82601,82601,Perlis,Malaysia,26/05/2020 02:32,6.4449,100.2048,18,2,16,0,Perlis
82601,82601,Pulau Pinang,Malaysia,26/05/2020 02:32,5.4141,100.3288,120,1,117,2,Pulau Pinang
82601,82601,Sabah,Malaysia,26/05/2020 02:32,5.9788,116.0753,344,5,295,44,Sabah
82601,82601,Sarawak,Malaysia,26/05/2020 02:32,1.5533,110.3592,549,17,478,54,Sarawak
82601,82601,Selangor,Malaysia,26/05/2020 02:32,3.0738,101.5183,1830,22,1416,392,Selangor
82601,82601,Terengganu,Malaysia,26/05/2020 02:32,5.3117,103.1324,113,1,110,2,Terengganu
82601,82601,W.P. Kuala Lumpur,Malaysia,26/05/2020 02:32,3.139,101.6869,1803,17,1292,494,W.P. Kuala Lumpur
82601,82601,W.P. Labuan,Malaysia,26/05/2020 02:32,5.2831,115.2308,16,0,16,0,W.P. Labuan
82601,82601,W.P. Putrajaya,Malaysia,26/05/2020 02:32,2.9264,101.6964,93,1,83,9,W.P. Putrajaya
82601,82601,Unknown,Malaysia,26/05/2020 02:32,,,0,0,0,0,Unknown
82601,82601,,Tonga,26/05/2020 02:32,-21.179,-175.1982,0,0,0,0,Tonga
82601,82601,,Winter Olympics 2022,26/05/2020 02:32,39.9042,116.4074,0,0,0,0,Winter Olympics 2022
82601,82601,,Antarctica,26/05/2020 02:32,-71.9499,23.347,0,0,0,0,Antarctica
82601,82601,Jersey,United Kingdom,26/05/2020 02:32,49.2138,-2.1358,302,29,0,0,Jersey
82601,82601,Guernsey,United Kingdom,26/05/2020 02:32,49.448196,-2.58949,252,16,0,0,Guernsey
82601,82601,,Korea, North,26/05/2020 02:32,40.3399,127.5101,0,0,0,0
82601,82601,Unknown,Ukraine,26/05/2020 02:32,,,0,0,0,0,Unknown
82601,82601,England,United Kingdom,26/05/2020 02:32,52.3555,-1.1743,0,44055,0,0,England
82601,82601,Northern Ireland,United Kingdom,26/05/2020 02:32,54.7877,-6.4923,0,746,0,0,Northern Ireland
82601,82601,Scotland,United Kingdom,26/05/2020 02:32,56.4907,-4.2026,0,3871,0,0,Scotland
82601,82601,Wales,United Kingdom,26/05/2020 02:32,52.1307,-3.7837,0,2209,0,0,Wales
82601,82601,,Nauru,26/05/2020 02:32,-0.5228,166.9315,0,0,0,0,Nauru
82601,82601,Niue,New Zealand,26/05/2020 02:32,-19.0544,-169.8672,0,0,0,0,Niue
82601,82601,,Tuvalu,26/05/2020 02:32,-7.1095,177.6493,0,0,0,0,Tuvalu
82601,82601,Pitcairn Islands,United Kingdom,26/05/2020 02:32,-24.3768,-128.3242,0,0,0,0,Pitcairn Islands
